{
  "components": [
    {
      "data": {
        "contents_checksum": "4b9e672b28bc6aa2b672338af64f44f57550063ec0ee3cb6f46e9945f08218d0",
        "source": "",
        "type": "tar"
      },
      "dependencies": [
        "bq-nix",
        "bq-win",
        "core"
      ],
      "details": {
        "description": "Provides the bq tool for interacting with the BigQuery service.",
        "display_name": "BigQuery Command Line Tool"
      },
      "gdu_only": false,
      "id": "bq",
      "is_configuration": false,
      "is_hidden": false,
      "is_required": false,
      "platform": {},
      "platform_required": false,
      "version": {
        "build_number": 20250610213429,
        "version_string": "2.1.18"
      }
    }
  ],
  "revision": 20250610213429,
  "schema_version": {
    "no_update": false,
    "url": "https://dl.google.com/dl/cloudsdk/channels/rapid/google-cloud-sdk.tar.gz",
    "version": 3
  },
  "version": "526.0.1"
}