{
  "components": [
    {
      "data": {
        "contents_checksum": "3245cabc55bedc05cb13cb1a674abb7534ab1ecf6f1999fade047c748ce85975",
        "source": "",
        "type": "tar"
      },
      "dependencies": [
        "core",
        "gcloud-deps-darwin-x86",
        "gcloud-deps-darwin-x86_64",
        "gcloud-deps-linux-x86",
        "gcloud-deps-linux-x86_64",
        "gcloud-deps-windows-x86",
        "gcloud-deps-windows-x86_64"
      ],
      "details": {
        "description": "Set of third_party gcloud cli dependencies.",
        "display_name": "gcloud cli dependencies"
      },
      "gdu_only": false,
      "id": "gcloud-deps",
      "is_configuration": false,
      "is_hidden": true,
      "is_required": false,
      "platform": {},
      "platform_required": false,
      "version": {
        "build_number": 20250610213429,
        "version_string": "2025.06.10"
      }
    }
  ],
  "revision": 20250610213429,
  "schema_version": {
    "no_update": false,
    "url": "https://dl.google.com/dl/cloudsdk/channels/rapid/google-cloud-sdk.tar.gz",
    "version": 3
  },
  "version": "526.0.1"
}